species,watering_frequency_days,fertilizing_frequency_days,sunlight_needs
Syringa pubescens subsp. patula 'Miss Kim',7,365,Full sun
Abelia,7,365,"Full, Partial"
Actaea,7,365,partial shade
Yucca filamentosa,7,90,Full sun to partial shade
Aeonium,7,30,"Full, partial"
African Daisy,7,30,Full sun
African Iris,7,60,"partial, full"
African Marigold,7,30,full sun
African Milk Tree,7,30,bright indirect light or partial sun
African Spear Plant,7,30,full sunlight or bright filtered light
Agapanthus,7,60,"Full sun, part shade"
Agastache,7,365,full sun
Agave,7,365,full sun
Aglaonema Pictum Tricolor,7,14,partial
Allium,4,90,Full sun
Almond Tree,7,365,"Full sun, at least six to eight hours"
Alocasia,7,30,partial
Alocasia azlanii,7,30,"bright, indirect"
Alocasia Black Velvet,7,14,bright but indirect light
Alocasia baginda 'Dragon Scale',7,14,bright indirect light
Alocasia micholitziana'Frydek',7,30,"bright, indirect light"
Alocasia Jacklyn,7,30,partial
Alocasia Maharani,7,30,"partial, indirect"
Alocasia Melo,7,30,"bright, indirect light"
Alocasia Odora,7,14,partial shade
Alocasia Pink Dragon,7,14,partial
Alocasia Polly,7,14,part shade
Alocasia Regal Shield,7,30,"bright, indirect light"
Alocasia Sarian,7,14,"bright, indirect light"
Alocasia Silver Dragon,7,14,"bright, indirect light"
Alocasia Stingray,7,15,partial
Alocasia Tiny Dancer,7,21,"partial, indirect"
Alocasia Wentii,3,21,"bright, indirect light"
Alocasia Zebrina,7,30,partial
Aloe Ferox,14,365,Full sun
Pilea cadierei,4,30,"bright, indirect light"
Lobularia maritima,7,30,Full sun to partial shade
Amaranth,7,0,"Full, partial"
Amaryllis,7,14,partial
Physocarpus opulifolius 'Jefam' AMBER JUBILEE,7,365,Full sun to partial shade
American Elderberry,7,365,"Full, partial"
American Ginseng,7,365,partial shade
American Hornbeam,7,365,Partial Shade to Full Sun
American Sweetgum,7,1095,full sun
Acer ginnala,7,30,full sun to partial shade
Anaheim Pepper,7,21,"Full sun, 6-8 hours of direct sunlight per day"
Anemone,7,365,partial
Angel's Trumpet,1,7,"Full sun, 6-8 hours daily"
Angelica,7,365,partial sun to full sun
Sedum rupestre 'Angelina',7,365,Full sun to partial sun
Angelonia angustifolia,7,365,Full sun
Anise Hyssop,7,730,Full sun
Annabelle Hydrangea,3,365,partial shade
Annual Vinca,7,30,Full sun to partial shade
Anthurium,7,7,"bright, indirect sunlight"
Anthurium clarinervium,7,60,bright indirect light
Anthurium crystallinum,7,30,"bright, indirect light"
Anthurium Veitchii,7,30,"bright, indirect light"
Apple Mint,1,28,partial shade to full sun
Arabian Jasmine,3,30,Full to partial sun
Dypsis lutescens,7,30,"bright, full, or filtered sunlight"
Cupressus arizonica,30,0,full sun
Aronia melanocarpa,7,365,Full sun
Arrowhead Vine,7,30,partial
Arrowwood Viburnum,7,365,Full to partial sun
Artemisia,14,365,full sun
Artichoke,3,30,Full sun
Arugula,1,0,Full sun to part shade
Asiatic Jasmine,7,365,partial shade
Asiatic Lily,7,365,Full or Partial
Asparagus officinalis,7,365,full sun
"Asparagus aethiopicus, A. densiflorus",1,7,partial shade
Asplenium Antiquum,7,30,partial shade
Asters,7,15,Full sun
Astilbe,7,365,partial
Aubrieta,7,365,"Full, partial"
Cyathea cooperi,7,30,partial sun
Austrian Pine,7,365,Full sun
Clusia rosea,7,120,"Full sun, partial shade"
Autumn Blaze Maple Tree,7,365,"Full, partial"
Autumn Crocus,7,365,"Full, partial"
Autumn Fern,7,365,partial or full shade
Hylotelephium telephium 'Herbstfreude',14,365,full sunlight
Autumn Sage,7,365,"Full, partial"
Persea americana,7,30,"Full sun, partial shade"
Azalea,7,365,partial
Gypsophila spp.,7,365,Full sun
Peperomia obtusifolia,14,30,partial
Soleirolia soleirolii,1,14,partial sun to shade
Bacopa,7,14,Full to part sun
Paspalum notatum,7,365,full sun
Ball Cactus,7,30,partial shade
Platycodon grandiflorus,7,365,Full sun to partial shade
Baltic Blue Pothos,7,30,medium to bright indirect light
Bambusa vulgaris,7,30,"Full, Partial"
Musaspp.,1,30,Full sun to partial shade
Yucca baccata,7,365,Full sun or part shade
Bartlett Pear,7,365,Full sun
Basil,2,7,"Full sun, 6-8 hours daily"
Centaurea americana,7,365,Full sun to part shade
Callisia fragrans,2,30,indirect sun to partial shade
Tacca chantrieri,7,7,partial sun to dappled shade
Laurus nobilis,3,365,partial
Acanthus mollis,7,365,full sun to partial shade
Bearded Iris,7,365,Full sun
Beardtongue,7,365,full sun
Callicarpa americana,7,365,Full sun to partial shade
Leucanthemum x superbum 'Becky',7,365,Full sun
Bee Balm,7,365,"Full, Partial"
Solanum lycopersicum,7,21,Full sun
Beta vulgaris,7,14,"Full sun, at least six hours of direct sunlight"
Begonia,7,30,partial shade
Begonia Grandis,2,365,partial shade to shade
Begonia Maculata,3,14,partial
Capsicum annuum,7,14,Full sun
Belladonna,7,30,"Full, partial"
Bellflower,7,365,Full sun to partial shade
Moluccella laevis,7,365,"Full, partial"
Bergenia crassifolia,7,365,partial shade
Cynodon dactylon,7,365,Full sun
Solanum lycopersicum ‘Better Boy’,2,60,"Full sun, 6 to 8 or more hours per day"
Bidens,7,30,Full sun
Andropogon gerardi,7,365,full sun to partial sun
Hydrangea macrophylla,7,365,partial shade
Bigleaf Periwinkle,7,365,partial shade
Bing Cherry Tree,7,30,Full Sun
Asplenium nidus,7,30,partial shade
Bird of Paradise,1,7,bright indirect sunlight
Rudbeckia hirta,7,365,full sun
Black-Eyed Susan Vine,7,28,"Full, partial"
Black Bamboo,1,30,"Full, partial"
Citrullus lanatus‘Black Diamond’,3,14,"Full sun, at least six to eight hours of sun daily"
Black Gum Tree,7,365,Full to partial sunlight
Black Hills Spruce,7,365,"Full sun, at least 6-8 hours of direct sunlight"
Black Krim Tomato,1,21,Full sun
Black Lace Elderberry,7,90,Full to partial
Black Magic Rose,7,60,Full sun
Ophiopogon planiscapus'Nigrescens',7,365,partial shade to full sun
Blackberry,7,120,Full sun
Blackberry Lily,7,365,Full sun
Gaillardiax grandiflora,7,365,Full sun
Liatris spicata,7,365,full sun
Lamprocapnos spectabilis,7,365,partial shade
Lamprocapnos spectabilis,7,30,partial to full shade
Clerodendrum thomsoniae,7,14,bright light
Asclepias curassavica,7,365,Full sun
Iresine herbstii,7,14,partial shade to full sun
Scadoxus multiflorus,7,14,partial
Acer palmatum 'Bloodgood',3,365,partial
Syringax 'Penda',7,30,Full sun
Hydrangea macrophylla 'P11HM-11',7,90,partial shade
Cedrus atlantica,7,365,Full to partial sunlight
Caryopteris×clandonensis,7,30,Full sun
Sisyrinchium angustifolium,7,365,"Full, partial"
Festuca glauca,7,365,"Full, part"
Ilexxmeserveae'Blue Princess',7,365,partial
Blue Rug Juniper,7,365,Full sun
Picea pungens,7,365,Full sun
Blue Spur Flower,7,365,partial
Blue Star Creeper,3,365,partial
Blue Star Fern,7,30,"partial shade, medium-to-bright indirect light"
Blue Star Juniper,7,365,full sun
Blueberries,7,30,Full sun
Lupinusxhybrida,7,365,"Full sun, at least six hours of direct sunlight"
Hydrangea paniculata'Ilvobo',7,365,Full sun to partial shade
Bok Choy,7,0,"Full sun, part shade"
Bonsai Pine,7,30,Full sun
Borago officinalis,3,14,full sun to partial shade
Boston Fern,7,30,"bright, indirect light"
Boston Ivy,7,365,Full sun to partial shade
Acer negundo,7,30,full sun to partial shade
Buxus spp.,14,365,partial
Brass Buttons,3,90,partial
Spiraea prunifolia,7,365,Full sun to partial shade
Brassica oleraceavar.italica,7,14,Full sun
Bromeliad,7,14,"bright, indirect light"
"Cytisus spp., Genista spp.",7,365,Full sun
Brunfelsia,1,14,partial
Brassica oleraceavar.gemmifera,7,14,full sun
Buddha Belly Bamboo,7,0,"Full sun, partial sun"
Bouteloua dactyloides,7,180,full sun
Ajuga reptans,7,365,partial
Bunny Ear Cactus,30,365,"Full, direct sunlight for 6-8 hours"
Quercus macrocarpa,7,365,full sun
Euryops pectinatus,3,90,Full sun
Buddlejadavidii,7,365,full sun
Butterfly Pea Plant,7,180,Full sun
Asclepias tuberosa,7,365,Full sun
Butterhead Lettuce,1,7,Full sun to partial sun
Cucurbita moschata,7,21,full sun
Button Fern,7,60,medium to bright indirect light
Cephalanthus occidentalis,3,365,"Full, partial"
Brassica oleracea,7,21,Full sun
Cactus,10,120,"bright, indirect"
Caladium,1,14,indirect light or moderate shade
Calathea,7,30,partial shade
Calathea Beauty Star,7,30,"Bright, indirect"
Calathea Musaica,7,30,"bright, indirect light or filtered sunlight"
Calathea Orbifolia,2,30,"bright, indirect light"
Calathea Ornata,7,14,partial
Calathea Roseopicta,7,30,medium to bright indirect light
Calathea Warscewiczii,7,30,medium to bright indirect light
Calathea lietzei,7,30,filtered bright light
Calathea Zebrina,7,90,partial
Calendula officinalis,7,30,Full sun with partial shade
Calibrachoa,1,14,Full sun to part shade
Ceanothus spp.,14,365,Full Sun
Eschscholzia californica,14,365,Full
Camellia,3,60,partial shade
Cinnamomum camphora,7,730,"Full sun, partial shade"
Tsuga canadensis,7,365,Full to partial shade
Cuphea micropetala,7,365,"Full, partial"
Allium cepa,7,21,full sun
Iberis sempervirens,21,365,Full sun with partial shade
Canna,3,30,Full sun to partial sun
Canna Lily,2,60,full sun
Cantaloupe,7,21,Full sun
Canterbury Bells,3,30,"Full sun, 4-6 hours daily"
Tecoma capensis,7,365,Full sun or partial shade
Plumbago auriculata,7,182,Full sun to part shade
Capparis spinosa,7,30,Full sun
Elettaria cardamomum,3,15,partial shade
Zamia furfuracea,7,180,full sun
Ipomoea×multifida,7,365,"Full sun, partial sun"
Lobelia cardinalis,3,365,Full to partial
Dianthus caryophyllus,7,30,"Full, partial"
Calycanthus floridus,7,30,Full sun to shade
Daucus carota,7,14,Full sun to part shade
Carrotwood Tree,14,182,Full sun
Caryopteris,7,30,Full sun
Manihot esculenta,7,14,"full sun, partial sun"
Aspidistra elatior,7,30,partial shade
Chamaedorea cataractarum,7,30,"bright, indirect light"
Orthosiphon aristatus,7,30,full sun
Catalpa,7,365,Full sun
Rhododendron catawbiense,7,365,partial shade
Catmint,7,365,Full sun to partial shade
Nepeta cataria,7,365,full sun
Typha latifolia,1,365,full sun to partial shade
Cattleya Orchid,7,7,bright indirect light
Cauliflower,7,14,Full sun
Cayenne Pepper,2,30,Full sun
Cebu Blue Pothos,7,30,medium to bright indirect light
Cedrus libani,7,30,Full sun
Celebrity Tomato,1,21,Full sun
Centipede Grass,7,365,Full Sun
Agave americana,14,365,Full sun
Chamomile,7,365,Full sun to partial shade
Vitex agnus-castus,365,730,Full sun to part shade
Acalypha hispida,2,7,full sun to partial shade
Annona cherimola,7,90,Full morning sun with afternoon shade
Solanum lycopersicum 'Cherokee purple',7,14,"Full sun, 6-8 hours"
Prunus laurocerasus,7,30,partial shade to full sun
Solanum lycopersicum var. cerasiforme,1,7,Full sun
Prunus ssp.,3,14,partial
Salvia hispanica,7,30,full sun
Chicago Hardy Fig,7,365,Full sun
Cicer arietinum,7,42,"Full sun, 6-8 hours daily"
China Aster,3,15,"Full Sun, Partial Shade"
Radermachera sinica,7,30,medium to bright indirect light
Chinese Evergreen,7,30,partial
Livistona chinensis,7,60,Full to partial
Cynoglossum Amabile,3,365,"Full, Partial"
Loropetalum chinense,7,365,partial shade
Chionanthus retusus,7,365,Full sun to part shade
Chinese Holly,14,180,Full to partial sun
Physalis alkekengi,3,365,"Full, partial"
Pilea peperomioides,7,30,"bright, indirect light"
Paeonia lactiflora,7,90,"Full, partial"
Chinese Pistache,7,365,Full sun
Miscanthus sinensis,7,30,Full sun to partial shade
Viburnum macrocephalum,7,365,Full to Partial
Chinkapin Oak,7,365,full sun
Allium schoenoprasum,7,90,"Full sun, light shade"
Cosmos atrosanguineus,7,365,Full sun
Chocolate Mint,7,365,partial shade
Kalanchoe tomentosa,14,365,"bright, indirect light"
Akebia quinata,7,365,full sun to partial shade
Chokecherry,7,365,Full sun to partial shade
Christmas Cactus,7,30,partial shade or diffused light
Helleborus niger,7,365,partial shade in summer and full sun in winter
Chrysanthemum morifolium,7,30,full sun
Cilantro,7,30,partial sun
Cineraria,2,14,partial shade
Cinnamomum spp.,2,365,"Full sun, partial shade"
Cinnamon Basil,7,28,Full sun
Cissus Discolor,7,30,partial
Cymbopogon nardus,3,14,partial sun
Clematis,3,30,"Full sun, 6 hours per day"
Cleome,7,0,Full sun
Aloiampelos ciliaris,7,30,Full sun
Hydrangea anomala,7,365,Full sun to partial shade
Syzygium aromaticum,3,30,Full sun to partial shade
Celosia argentea var. cristata,2,30,"Full sun, partial shade"
Maxillaria tenuifolia,7,7,partial
Cocos nucifera,3,7,full sun
Coffea arabica,3,14,"bright, indirect light"
Coleus,1,30,partial
Brassica oleracea var. viridis,7,28,Full sun
Columbine,7,30,partial shade or full sun in cooler regions
Symphytum officinale,7,365,Full sun to partial shade
Juniperus communis,7,365,full sun
Common Tansy,7,30,full sun to part shade
Corylus avellana'Contorta',7,365,Full sun to partial shade
Acer palmatum 'Sango-kaku',7,365,Full sun to part shade
Heuchera spp.,7,365,partial shade
Coral Cactus,7,30,"Full, partial"
Lonicera sempervirens,7,365,Full sun
Cordyline terminalis,7,7,bright indirect
Coreopsis,7,365,Full sun
Salix matsudana 'Tortuosa',7,365,Full sun to partial shade
Dracaena fragrans,7,60,"bright, indirect light"
Centaurea cyanus,7,30,Full sun with some afternoon shade
Corsican Mint,3,14,partial shade
Cosmos,14,365,Full sun
Hibiscus mutabilis,7,30,Full sun to partial shade
Primula veris,1,365,part sun to part shade
Crassula,7,90,bright indirect light or direct sun for six hours of the day
Campanula rapunculoides,7,30,full sunlight to partial shade
Lysimachia nummularia,2,365,Full sun to partial shade
Juniperus horizontalis,7,365,full sun
Mazus reptans,7,365,Full sun to partial shade
Phlox stolonifera,7,365,Full sun to partial shade
Veronica filiformis,7,365,partial
Thymus spp.,10,365,Full sun
Muehlenbeckia axillaris,7,365,"Full, partial"
Crepe Myrtle,7,365,Full sun
Acer platanoides 'Crimson King',7,365,Full sun
Crimson Queen Japanese Maple Tree,3,30,partial
Crinum Lily,7,365,Full sun to partial shade
Microsorum musifolium,7,30,"bright, indirect light"
Crocosmia,7,365,"Full sun, partial sun"
Crocus,7,365,"Full, Partial"
Crossandra infundibuliformis,2,14,"bright, indirect sunlight"
Codiaeum variegatum,7,60,"Bright, indirect light"
Fritillaria imperialis,7,180,Full sun to partial shade
Cryptanthus,7,21,bright indirect light
Cucuzza Squash,7,30,Full sun
Cobaeascandens,3,90,Full sun
Silphium perfoliatum,7,365,Full sun
Cuphea,3,365,Full sun to partial shade
Murraya koenigii,2,365,full sun
Cyclamen persicum,7,14,bright indirect light
Cyclamen Persicum,7,30,"bright, indirect light"
Cymbidium Orchid,7,60,partial
Ipomoea quamoclit,3,30,Full sun
Daffodil,7,365,Full sun to partial shade
Dahlia,7,14,"Full sun, 6-8 hours a day"
Daphne,7,182,partial shade
Phoenix dactylifera,7,365,full sun
Dawn Redwood,7,365,Full sun
Daylily,7,365,"Full sun, partial shade"
Delphinium,2,60,Full sun to partial shade
Dendrobium Orchid,7,7,bright light for at least 6 hours daily
Cedrus deodara,7,365,Full sun to partial shade
Desert Rose,7,30,Full sun
Desert Spoon,14,365,Full sun
Desert Willow,30,365,Full sun
Euphorbia tithymaloides,14,30,"bright, indirect light"
Dianthus,7,365,full sun
Dieffenbachia,3,28,"bright, indirect sunlight"
Dieffenbachia Seguine,7,30,bright but indirect light
Dahlia spp.,3,30,Full sun
Dog Tail Cactus,7,30,full sun
Spathiphyllum wallisii 'Domino',7,42,"bright, indirect sunlight"
Sedum morganianum,30,0,"Full, partial"
Doublefile Viburnum,7,365,Full sun to part shade
Dracaena,7,30,bright indirect light
Dracaena Janet Craig,8,90,"low to medium, indirect"
Dracula Orchid,3,14,partial shade
Dracunculus vulgaris,7,30,Full sun to partial shade
Dracaena marginata,21,365,"bright, indirect light"
Dracaena draco,7,180,bright but indirect light
Hylocereus undatus,7,60,partial sun to full sun
Lemna minor,1,7,Full sun
Duranta erecta,7,30,full sun
Jacobaea maritima,7,365,full sun
Aristolochia macrophylla,7,365,Full to partial sunlight
Dwarf Alberta Spruce,7,365,Full sun
Dwarf Jade,30,30,bright indirect light
Ophiopogon japonicus'Nana',3,90,partial shade
Evolvulus glomeratus,7,30,Full sun
Dwarf Mugo Pine,7,365,Full sun
Dymondia margaretae,7,365,Full sun to partial shade
Solanum lycopersicum‘Early Girl’,3,14,Full sun
Easter Cactus,7,30,partial
Lilium longiflorum,3,90,full sun to partial shade
Opuntia humifusa,28,365,Full sun
Eastern Red Cedar,3,365,Full sun
Eastern White Pine,7,365,"Full, partial"
Echeveria,7,30,Full
Echinocereus,14,365,Full sun
Edamame,7,0,at least six hours of sun daily
Leontopodium alpinum,7,365,"Full, partial"
Elatior Begonia,6,14,"indirect light, partial sun"
Elephant Ear Plant,1,14,partial shade or dappled sun
Euonymus fortunei,14,365,partial sun to partial shade
Emerald Green Arborvitae,7,365,Full sun to partial shade
Hydrangea macrophylla,3,365,partial
English Bluebells,7,30,partial
English Daisy,3,30,partial
English Ivy,7,14,part shade to full shade
Lavandula angustifolia,7,365,"Full sun, partial shade"
English Walnut,7,365,Full sun
Epimedium,7,365,partial shade
Epipremnum Pinnatum,7,14,bright but indirect sunlight
Eucalyptus cinerea,7,30,full sun
Euphorbia,7,30,full sun
Euphorbia Ingens,7,90,Full
Eureka Lemon Tree,1,180,Full sun
Fagus sylvatica,7,365,Full sun to partial shade
European Fan Palm,7,30,Full sun to partial shade
Sorbus aucuparia,7,365,"Full sun, partial sun"
Evening Primrose,3,90,Full sun to partial shade
Fragaria × ananassa 'Quinault',7,30,Full sun with dappled afternoon sun
Fall Fiesta Sugar Maple,3,365,"Full sun, partial shade"
False Aralia,7,30,"bright, indirect light"
False Holly,7,365,partial
Baptisia australis,14,365,Full sun
Heliopsis helianthoides,7,365,full sun
Scaevola aemula,7,30,Full to partial sun
Fatsia japonica ‘Spider Web’,7,30,partial shade
Fava Bean,7,90,Full to part sun
Feather Reed Grass,7,365,Full sun
Ficus benghalensis,7,30,"bright, indirect light"
Ficus elastica 'Ruby',7,14,"bright, indirect light"
Ficus Shivereana,7,30,medium to bright indirect light
Ficus Tineke,14,21,"bright, indirect light"
Ficus benjamina,7,30,bright indirect
Ficus Umbellata,7,30,"bright, indirect sunlight"
Ficus lyrata,7,30,"bright, indirect light"
Fire Lily,7,30,partial
Hamelia patens,14,365,Full sun
Firepower Nandina,7,60,"Full sun, partial shade in warmer zones"
Firespike,1,30,"Full, partial"
Fishbone Cactus,7,365,"bright, indirect light"
Fishtail Palm,3,30,bright indirect light
Rhododendron calendulaceum,7,365,partial
Delonix regia,7,120,Full sunlight
Salix integra'Flamingo',7,365,Full sun to partial shade
Kalanchoe luciae,7,60,Full sun to partial sun
Linum usitatissimum,3,365,full sun
Dianella tasmanica,3,365,partial
Floribunda Rose,7,30,Full sun
Dracaena Surculosa 'Florida Beauty',7,30,bright but indirect light
Lychnis chalcedonica,7,90,Full sun
Flowering Almond,7,365,Full sun to partial shade
Flowering Crabapple,7,365,Full sun
Flowering Ginger,7,60,partial
Chaenomeles speciosa,7,365,Full sun
Nicotiana alata,1,30,Full sun to partial shade
Foamflower,7,365,partial shade to full shade
Cercis canadensis 'Forest Pansy',14,365,partial shade
Myosotis sylvatica,2,365,partial shade
Forsythia,7,21,"Full sun, at least 6 hours of direct sunlight daily"
Four O'Clock Plant,8,30,"Full sun, partial shade"
Foxtail Fern,7,30,"bright, indirect light"
Wodyetia bifurcata,7,365,Full to partial sun
Fraser Fir,3,0,Full to partial sunlight
Freesia,7,0,"Full sun, partial shade"
Lavandula dentata,14,365,Full sun
French Marigold,7,30,Full sun
Albuca spiralis,7,30,"Full, Part"
Phyla nodiflora,7,365,Full sun to part shade
Fuchsia,1,7,partial shade
Phlox paniculata,3,365,Full sun to partial sun
Gardenia jasminoides,7,21,partial shade
Allium sativum,7,90,Full sun
Dictamnus albus,7,365,Full sun to partial shade
Gasteria,14,365,partial
Gaura,7,365,full sun
Gazania,7,365,Full sun
Geranium,7,14,Full sun to part shade
Gerbera jamesonii,7,30,Full sun to partial shade
Graptopetalum paraguayense,14,365,"Full, partial"
Ginkgo Biloba Tree,7,365,Full to partial sun
Ginseng Ficus,7,30,"bright, indirect sun"
Glacier Pothos,7,30,partial
Gomphrena spp.,7,30,Full sun
Globe Thistle,7,365,Full sun
Gloriosa superba,7,30,full sun to partial shade
Chionodoxa luciliae,7,365,"Full, partial"
Gloxinia,7,14,bright indirect light
Goat's Beard,3,365,partial
Aucuba japonica,7,30,partial shade
Spiraea japonica 'Gold Mound',7,365,Full sun to partial sun
Golden Alexander,7,365,"Full, partial"
Phyllostachys aurea,7,120,Full sun to partial shade
Phyllostachys aurea,7,30,at least 6 hours of direct sunlight
Golden Barberry,7,730,Full sun to partial shade
Echinocactus grusonii,7,28,Full sun
"Laburnum anagyroides, Laburnumxwatereri",7,365,Full sun to partial shade
Goldenrod,7,365,Full sun
Goldfish Plant,7,7,partial
Lonicera x heckrottii ‘Goldflame’,7,365,"Full, Partial"
Spiraea japonica'Goldflame',7,365,Full sun
Gollum Jade,14,60,Full sun
Gooseberry,7,365,Full sun to partial shade
Grape Hyacinth,7,365,"Full, Partial"
Vitis vinifera,7,365,full sun
Gray Birch,7,365,Partial
Green Giant Arborvitae,7,365,Full sun to partial shade
Grevillea,7,365,full sun to partial shade
Ground Cherry,7,30,Full sun
Hosta 'Halcyon',7,28,partial shade to full shade
Hardy Geranium,7,365,Full to partial sun
Hardy Hibiscus,1,7,Full sun
Hardy Kiwi,10,365,Full sun
Chrysanthemumxmorifolium,7,30,"Full sun, 6-8 hours direct sunlight"
Persea americana 'Hass',7,30,"bright, indirect sunlight"
Hawaiian Pothos,7,14,bright indirect light
Haworthia,7,30,partial
Haworthia cooperi,7,180,bright but indirect light
Crataegus spp.,7,365,Full sun
Corylus avellana,7,365,"full sun, partial sun"
Heartleaf Philodendron,7,30,"bright, indirect light"
Calluna vulgaris,7,365,Full sun to partial shade
Nandina domestica,7,180,Full sun to partial shade
Hebe Shrub,7,365,Full to partial sun
Heirloom Tomato,2,7,Full sun
Helenium,3,365,Full sun
Heliconia,7,14,bright indirect light
Heliconia Rostrata,3,21,"Full, Partial"
Heliotropium,2,14,"full sun, 6 hours direct sunlight"
Helleborus spp.,7,120,partial shade to full sun in winter
Sempervivum tectorum,14,90,Full sun
Hibiscus,1,7,"Full, partial"
Hickory Tree,7,30,full sun to partial shade
Himalayan Birch,7,30,Full sun to partial shade
Hoya compacta,7,60,"bright, indirect light"
Hinoki Cypress,7,365,Full sun
Hollyhock,7,14,"Full sun, partial shade"
Holy Basil,2,0,Full Sun
Honeysuckle,7,365,Full sun to part shade
Bauhinia blakeana,7,120,Full sun to light shade
Hoptree,7,365,partial
Horseradish,7,28,Full sun
Equisetum hyemale,1,365,filtered shade
Hosta,7,365,partial shade
Hoya 'Krimson Queen',7,30,"bright, indirect light"
Hoya Australis,7,30,bright indirect sunlight
Hoya kentiana,7,28,"bright, indirect light"
Hoya Kerrii,14,30,"Full, direct sunlight"
Hoya Obovata,14,15,bright indirect light
Hoya Rosita,14,30,"bright, indirect light"
Hoya Shepherdii,7,30,"bright, indirect light"
Hoya lacunosa x obscura 'Sunrise',11,30,"medium to bright, indirect sunlight"
Hoya Wayetii,7,15,"Bright, indirect light"
Huernia Zebrina,7,30,partial shade
Anisacanthus quadrifidus var. wrightii,30,365,Full sun to partial shade
Hyacinthus orientalis,7,365,Full to partial sunlight
Hybrid Tea Roses,7,120,Full sun
Hydrangea,3,365,partial shade with morning sun and afternoon shade
Hydrangea Serrata,7,30,partial
"Delosperma spp., Lampranthus spp.",14,365,Full sun
Papaver nudicaule,7,14,Full to partial sun
Impatiens walleriana,1,14,partial shade
Acer palmatum var. dissectum 'Inaba Shidare',7,365,partial
Tradescantia zebrina,7,60,"bright, indirect light"
Hydrangea arborescens 'Abetwo',7,365,Full sun to partial shade
Rhaphiolepis indica,7,365,Full sun
Ilex glabra,7,365,"Full, partial"
Irish Moss,3,365,"Full, partial"
Cupressus sempervirens,7,365,Full to partial sun
Itoh Peony,3,120,"Full, partial"
Ivory Halo Dogwood,7,365,partial shade
Syringa reticulata 'Ivory Silk',7,365,full sun
Ivy Geranium,3,14,Full sun
Jacaranda Tree,7,365,Full sun
Arisaema triphyllum,7,30,partial to full shade
Artocarpus heterophyllus,7,180,full sun
Clematisx jackmanii,7,30,partial
Polemonium caeruleum,7,90,partial shade
Crassula ovata,7,7,bright indirect sunlight
Epipremnum aureum'Jade',7,14,"bright, indirect light"
Jalapeño Pepper,2,14,Full sun
Magnolia 'Jane',7,730,Full sun to partial shade
Pieris japonica,7,30,partial
Japanese Anemone,7,365,Full sun
Fatsia japonica,7,30,partial shade
Berberis thunbergii,14,365,Full sun to partial shade
Pinus thunbergii,7,365,Full sun to partial shade
Imperata cylindrica,7,365,full sun
Camellia japonica,7,30,partial shade
Filicium decipiens,3,120,"Full, partial"
Iris ensata,7,30,Full sun to partial shade
Prunus serrulata,7,365,Full sun
Hakonechloa macra,3,365,partial shade
Japanese Holly,7,365,Full sun to partial shade
Lonicera japonica,7,30,full sun to partial shade
Japanese Lilac Tree,7,365,"Full, partial"
Acer palmatum,3,365,partial shade
Acer palmatum,1,14,partial
Styphnolobium japonicum,7,365,Full sun
Athyrium niponicum var. pictum,7,365,partial shade
Pieris japonica,7,60,partial shade to full sun
Kerria japonica,7,365,partial to full shade
Japanese Sedge,7,365,partial shade
Styrax japonicus,7,365,partial sun
Stewartia pseudocamellia,7,365,partial
Jasmine,7,14,"Full sun, partial shade"
Jasminum spp.,7,21,"bright, indirect light"
Jessenia Pothos,7,30,"partial sunlight or bright, indirect light"
Ludisia discolor,7,60,partial
Impatiens capensis,1,90,partial shade
Joe Pye Weed,3,90,Full sun to partial shade
Alternanthera ficoidea,7,60,full sun
Yucca brevifolia,30,365,full sun
Juniper Bonsai,3,7,direct sunlight
Kalanchoe blossfeldiana,21,30,"bright, indirect light or partial shade to full sun"
Kalanchoe Delagoensis,14,30,Full to Partial
Kalanchoe Fedtschenkoi,7,14,"bright, indirect light"
Kalanchoe Pinnata,14,90,bright indirect light
Kalanchoe Thyrsiflora,7,30,"Full, Partial"
Brassica oleracea,7,30,Full sun to partial shade
Kangaroo Paw,7,365,Full sun
Calamagrostis x acutifolia'Karl Foerster',7,365,full sun to partial sun
Cercidiphyllum japonicum,7,365,Full sun to partial shade
Kentia Palm,7,30,"partial, dappled"
Kentucky Bluegrass,1,30,full sun
Kentucky Coffee Tree,7,365,Full sun
Kimberley Queen Fern,3,30,partial shade
Rosa hybrida,7,365,Full sun to partial shade
Pittosporum tenuifolium,7,365,Full sun to partial shade
Abies koreana,7,365,"Full, partial"
Viburnum carlesii,7,365,"Full, partial"
Aloe arborescens,7,30,"Full sun outdoors or bright, indirect light indoors"
Pueraria montanavar.lobata,7,30,full sun
Citrus japonica,7,30,full sun
Lace Aloe,7,30,"bright, indirect light"
Lacecap Hydrangea,7,365,partial
Alchemilla mollis,7,365,partial
Athyrium filix-femina,7,365,partial shade
Rhapis excelsa,7,30,bright indirect light
Lady Slipper Orchid,3,14,"Low, indirect"
Stachys byzantina,7,365,"Full, partial"
Lantana camara,7,365,full sun
Larkspur,7,365,Full sun
Lavatera,7,365,full sun
Lavandula spp.,7,365,Full sun
Santolina chamaecyparissus,14,365,Full sun to part shade
Lavandula spp.,12,30,at least four hours of direct sunlight each day
Melissa officinalis,7,21,"Full sun, partial shade"
Nephrolepis cordifolia 'Duffii',7,90,"medium, indirect light"
Cucumis sativus'Lemon',7,14,Full sun
Lemon Cypress,7,0,"Full, partial"
Lemon Lime Dracaena,7,30,medium to bright indirect light
Maranta leuconeura 'Lemon Lime',7,14,partial shade
Epipremnum aureum 'Lemon Meringue',7,30,"partial, low to bright indirect"
Citrus limon,7,30,Full sun
Aloysia citriodora,7,90,Full sun for 6-8 hours
Cymbopogon citratus,3,7,full sun
Lenten Rose,7,90,partial shade
Lens culinaris,7,30,Full sun
Farfugium japonicum,7,30,partial shade
Lactuca sativa,7,14,"Full sun, partial sun"
Leucadendron,7,365,Full sun
Leyland Cypress,3,365,"Full, partial"
Helichrysum petiolare,21,365,Full sun to partial shade
Licuala Grandis,7,90,"bright, indirect light"
Ligularia,7,30,partial shade
Syringa vulgaris,7,365,full sun
Lima Bean,7,60,Full sun
Citrus×latifolia,7,120,Full sun
Hydrangea paniculata 'Limelight',7,120,partial
Leonotis leonurus,7,365,full sun
Lipstick Palm,1,30,"Full, partial"
Aeschynanthus radicans,7,30,"bright, filtered light"
Liriope,7,365,partial shade
Lisianthus,7,7,"Full sun, 6-8 hours daily"
Lithodora,7,365,Full sun to partial shade
Little-Leaf Linden,7,365,Full sun to partial shade
Little Bluestem,7,365,Full sun
Magnolia grandiflora 'Little Gem',7,30,"partial sun, partial shade"
Spiraea japonica 'Little Princess',7,365,Full sun to partial shade
Lithops spp.,7,30,Full sun
Lobelia erinus,3,14,partial sun to full sun
Loblolly Pine,7,730,Full sun for 4-6 hours
Lombardy Poplar,14,365,Full sun
London Planetree,14,182,"Full sun, partial shade"
Gynura procumbens,3,14,full sun to partial shade
Longleaf Pine,7,365,Full sun
Eriobotrya japonica,7,90,full sun to partial shade
Lotus,1,20,Full sun
Nigella damascena,7,30,Full sun to partial shade
Amaranthus caudatus,7,30,Full to partial sun
Dracaena sanderiana,3,30,partial shade
Luffa,7,14,Full sun
Lungwort,7,365,partial shade
Litchi chinensis,7,60,Full sun
Macadamia Nut Tree,7,365,Full sun
Valerianella locusta,7,0,Full sun to part shade
Nephrolepis biserrata,3,42,bright but indirect sunlight or shade
Madagascar Palm,7,28,Full
Magnolia Ann,3,30,"Full sun, part shade"
Magnolia Grandiflora,7,120,Partial Shade
Mahonia,7,365,partial shade
Maidenhair Fern,7,30,bright indirect sunlight
Ravenea rivularis,7,30,"bright, indirect light"
Malabar Spinach,2,21,Full sun to partial shade
Mammillaria Cactus,14,90,"Full, Partial"
Mandevilla,3,14,"Full, partial"
Mangifera indica,3,365,full sun
Epipremnum aureum ‘Manjula’,7,30,"bright, indirect light"
Marble Queen Pothos,7,30,medium to bright indirect light
Argyranthemum frutescens,7,30,full sun
Marigold,7,365,Full sun
Althaea officinalis,2,365,full sun
Pistacia lentiscus,30,365,Full sun
Romneya coulteri,7,30,full sun
Salvia sylvestris,7,365,full sun
Mayapple,7,365,partial shade
Meadow Rue,7,365,partial shade
Melampodium,7,30,Full sunlight
Mesclun,1,7,Full to partial sun
Mexican Bird of Paradise,30,90,Full sun
Salvia leucantha,7,365,full sun
Washingtonia robusta,7,30,Full sun
Nassella tenuissima,14,365,Full
Ratibida columnifera,14,365,Full sun
Mexican Heather,7,7,Full sun or partial shade
Mexican Orange Plant,7,365,Full sun to partial shade
Ruellia simplex,7,365,Full sun to partial shade
Mexican Sunflower,7,365,Full sun
Meyer Lemon Tree,7,30,"Full, partial"
Silybum marianum,7,30,full sun
Asclepias syriaca,7,365,full sun
Pennisetum glaucum,7,365,full sun
Calibrachoaxhybrida,1,14,"Full sun, partial shade"
Miltonia Orchid,7,30,partial shade
Ming Aralia,7,30,"bright, indirect light"
Mini Monstera,7,30,"bright, indirect light"
Miniature Rose,7,28,Full sun
Mentha spp.,3,28,partial sun
Miscanthus,14,365,Full sun to partial shade
Mistletoe,0,0,partial sun
Rhipsalis baccifera,7,30,bright indirect light
Mock Orange Bush,7,365,"Full, partial"
Mona Lavender,3,42,partial
Pachira aquatica,7,30,bright to medium indirect sunlight
Monkey Flowers,3,28,"Full, Partial"
Araucaria araucana,7,365,"full sun, partial shade"
Cleistocactus Colademononis,7,30,"bright, indirect light"
Aconitum napellus,7,365,partial
Monstera Acacoyaguensis,7,30,"bright, indirect light"
Monstera Adansonii Variegated,7,30,indirect sunlight
Monstera Albo,7,30,"partial, indirect"
Monstera Deliciosa,7,21,partial
Monstera Dubia,7,30,"bright, indirect light"
Monstera Esqueleto,7,30,"bright, indirect light"
Monstera Lechleriana,7,30,bright to medium indirect light
Monstera Obliqua,14,30,"bright, indirect light"
Monstera Peru,7,21,indirect but bright light
Monstera Pinnatipartita,7,14,partial
Monstera Siltepecana,7,30,"bright, indirect light"
Monstera Standleyana Albo,7,30,"bright, indirect light"
Monstera deliciosa 'Thai Constellation',7,30,"bright, indirect light"
Gymnocalycium mihanovichii,7,30,partial shade
Moonflower,7,21,Full sun
Dracaena trifasciata ‘Moonshine’,14,30,bright to medium indirect light
Morel Mushrooms,1,30,partial shade
Moringa oleifera,3,30,Full sun
Ipomoea purpurea,7,28,full sun
Solanum lycopersicum 'Mortgage Lifter',7,30,"Full sun, 6-8 hours daily"
Portulaca grandiflora,7,30,full sun
Kalanchoe spp.,21,90,"Full, partial"
Mountain Laurel,7,365,partial shade
Artemisia vulgaris,7,30,full sun
Mulberry,7,365,Full to partial sun
Verbascum thapsus,7,30,full sun
Chrysanthemum,7,14,Full sun
Lavandula angustifolia ‘Munstead’,7,365,"Full sun, 6-8 hours per day"
Mustard Plant,7,21,Full sun
Myrtus communis,7,7,full to partial sun
N'Joy Pothos,7,30,"bright, indirect light"
Nanking Cherry,7,365,Full sun to part shade
Nasturtium,7,0,"Full sun, 6-8 hours of direct sunlight"
Natal Plum,7,30,"Full, partial"
Nemesia,3,30,partial
Neon Pothos,7,30,partial shade
Neoregelia Bromeliad,7,180,indirect
Fittonia albivenis,2,7,"bright, indirect light"
Ctenanthe spp.,7,30,medium to bright indirect light
Ctenanthe Setosa 'Grey Star',3,30,bright but indirect sunlight
New England Aster,7,365,Full sun
Impatiens hawkeri,3,10,partial
Vernonia noveboracensis,7,365,full sun
New Zealand Flax,7,365,Full sun to partial shade
New Zealand Tea Tree,7,730,Full sun
Night-Blooming Jasmine,7,30,"Full sun, Partial shade"
Physocarpus opulifolius,30,365,full sun to partial shade
Nipponanthemum nipponicum,14,365,Full sun to partial shade
Araucaria heterophylla,14,30,Full sun
Diervilla lonicera,7,365,partial
Norway Spruce,7,365,Full to Partial
Rhododendron x 'Nova Zembla',7,30,Partial to Full Sun
Nutmeg Tree,3,90,partial
Hydrangea quercifolia,7,365,partial
October Glory Maple,7,365,Full sun to partial shade
Abelmoschus esculentus,7,30,Full sun
Nerium oleander,7,365,"Full sun, partial shade"
Alliumcepa,7,21,Full sun
Hemerocallis fulva,7,365,"Full sun, at least six hours of direct sunlight"
Orange Jasmine,7,21,partial
Lilium bulbiferum,7,365,Full sun to partial shade
Citrus sinensis,7,30,Full sun for 8-10 hours a day
Orchid Cactus,7,180,partial sun
Oregano,7,365,Full sun
Celastrus orbiculatus,7,30,full sun to shade
Papaver orientale,7,365,full sun
Ornamental Cabbage,7,0,Full sun to partial shade
Capsicum annuum,7,42,Full sun
Acer palmatum'Osakazuki',7,365,partial
"Rosa x hybrida, Rosa 'Osiria'",3,120,Full sun
Matteuccia struthiopteris,7,365,partial to full shade
Oxalis,14,30,bright indirect light
Oxeye Daisy,7,0,"Full sun, partial sun"
Pagoda Dogwood,7,365,partial sun or dappled shade
Tanacetum coccineum,7,365,full sun to partial shade
Philodendron erubescens 'Painted Lady',7,30,"bright, indirect light"
Palm Tree,7,30,partial shade
Cortaderia selloana,7,365,full sun to partial sun
Pansy,7,30,partial shade
Carica papaya,3,21,full sun
Betula papyrifera,7,365,partial
Paperbark Maple,7,365,"Full sun, partial shade"
Narcissus papyraceus,7,0,"Full, Partial"
Paphiopedilum Orchid,3,7,partial
Cyperus papyrus,3,90,Full sun to partial shade
Chamaedorea elegans,7,30,"bright, indirect light"
Parsley,7,14,Full sun
Passionflower,3,28,Full sun to partial shade
Cucurbita pepovar.clypeata,7,28,Full sun
Pawpaw,3,30,"Full, partial"
Peace Lily,7,7,"bright, indirect light"
Rosa‘Madame A. Meilland’,7,30,Full
Prunus persica,7,365,Full sun
Calathea makoyana,7,14,partial shade
Clerodendrum trichotomum,7,30,Full to partial sun
Arachis hypogaea,7,365,full sun
Epipremnum aureum'Pearls and Jade',7,30,"bright, indirect light"
Euphorbia tirucalli,21,365,"Full sun, at least six hours of sunlight daily"
Pennisetum,3,365,full sun
Hydrangea macrophylla 'Penny Mac',7,365,partial sun
Mentha pulegium,1,30,partial
Paeonia officinalis,7,365,Full sun
Peperomia,7,30,medium to bright indirect light
Peperomia Caperata,7,30,partial
Peperomia clusiifolia 'Ginny',7,30,bright indirect light
Peperomia Hope,7,30,"bright, indirect light"
Peperomia Pixie Lime,14,30,"bright, indirect light"
Peperomia Rosso,7,14,medium to bright indirect light
Peperomia Rotundifolia,7,30,bright indirect light
Piper nigrum,3,14,partial sun to bright direct light
Mentha×piperita,2,365,full sun
Ranunculus asiaticus,7,14,full sun
Persian Shield,7,14,partial sun
Albiziajulibrissin,7,365,Full
Persian Violet,2,7,"bright, indirect light"
Peruvian Lily,7,14,Full sun with partial shade in hotter climates
Petunia,3,14,Full sun
Phalaenopsis Orchid,7,21,"bright, indirect light"
Philodendron,7,30,bright but indirect
Philodendron Billietiae,7,30,bright indirect light
Philodendron Birkin,7,60,"bright, indirect light"
Philodendron erubescens 'Black Cardinal',7,21,"bright, indirect light"
Philodendron Brandtianum,3,30,"bright, indirect light"
Philodendron Brasil,7,30,"bright, indirect light"
Philodendron Burle Marx,7,28,"bright, indirect light"
Philodendron erubescens ‘Dark Lord’,7,21,bright to medium indirect light
Philodendron Erubescens,7,15,partial shade
Philodendron Florida Beauty,7,30,bright but indirect light
Philodendron Florida Ghost,7,30,"Bright, indirect light"
Philodendron Florida Green,7,30,"bright, indirect light"
Philodendron Gloriosum,7,30,"bright, indirect light"
Philodendron Imperial Green,7,30,"bright, indirect light"
Philodendron erubescens 'Imperial Red',7,30,"bright, indirect light"
Philodendron Mamei,7,14,bright but indirect light
Philodendron Mayoi,7,60,bright indirect
Philodendron Melanochrysum,7,30,"bright, indirect light"
Philodendron Micans,7,30,"bright, indirect light"
Philodendron Moonlight,7,30,"bright, indirect light"
Philodendron Paraiso Verde,7,28,bright indirect light
Philodendron erubescens 'pink princess',7,30,"bright, indirect light"
Philodendron Plowmanii,7,30,partial
Philodendron erubescens 'Prince of Orange',7,14,bright but indirect light
Philodendron Ring of Fire,7,30,bright indirect
Philodendron Rio,7,60,bright but indirect light
Philodendron Rojo Congo,7,30,partial
Philodendron Rugosum,7,30,"Bright, indirect sunlight"
Philodendron hastatum ‘Silver Sword’,7,14,"bright, indirect light"
Philodendron Spiritus-Sancti,7,365,bright but indirect
Philodendron Splendid,7,30,bright indirect sunlight
Philodendron Squamiferum,7,14,"bright, indirect light"
Philodendron Verrucosum,7,30,bright indirect
Philodendron White Princess,7,21,"bright, indirect light"
Thaumatophyllum xanadu,7,30,"bright, indirect light"
Phlox,7,365,partial to full sun
Pilea Glauca,7,30,"bright, indirect light"
Pilea Involucrata,7,30,"bright, indirect light"
Pilea Microphylla,7,14,partial
Ananas comosus,7,30,"Bright, indirect"
Pineapple Guava,7,180,"Full, Partial"
Pineapple Lily,7,14,"Full sun, partial shade in southern gardens"
Pineapple Sage,7,365,"Full Sun, Partial Shade"
Solanum lycopersicum 'Pineapple',7,30,Full sun
Pink Brandywine Tomato,2,14,Full sun
Pink Dogwood,7,365,partial shade
Oenothera speciosa,7,365,full sun
Pink Lemonade Blueberry Bush,7,365,Full Sun to Partial Sun
Muhlenbergia capillaris,14,365,Full to partial sunlight
Phaseolus vulgaris,7,0,Full sun
Pistacia vera,14,365,Full sun
Nepenthes spp.,7,30,"bright, indirect light"
Plectranthus,7,30,partial
Prunus mume,7,90,"Full, Partial"
Plumeria,7,30,"Full sun, partial shade"
Podocarpus,7,365,"Full, partial"
Poinsettia,7,21,Bright indirect or diffused light
Conium maculatum,7,30,partial shade to full sun
Pokeweed,7,30,full sun
Polka Dot Plant,7,30,"bright, indirect light"
Ponderosa Pine,7,365,Full sun
Beaucarnea recurvata,10,7,Full sun or bright indirect light
Pop Star Hydrangea,3,120,partial shade
Senna didymobotrya,1,30,full sun
Papaver rhoeas,14,90,"Full sun, partial shade"
Portulaca,7,0,Full sun
Solanum tuberosum,7,90,Full sun
Epipremnum aureum,7,30,bright but indirect light
Prairie Dropseed,7,365,Full sun to partial shade
Geum triflorum,7,365,full sun
Maranta leuconeura,3,14,partial shade
Opuntiaspp.,21,90,full sun
Echium candicans,7,180,"Full sun, partial sun"
Primula spp.,3,14,partial shade
Tibouchina urvilleana,7,90,Full sun with partial shade
Privet,7,180,"Full, partial"
Protea,14,365,full sun
Ptilotus exaltatus,30,90,Full sun
Cucurbitaspp.,7,14,Full sun
Solanum integrifolium,7,14,full sun
Purple Basil,7,14,Full sun
Pennisetum setaceum 'Rubrum',3,30,"Full, partial"
Tradescantia pallida 'Purple Heart',7,365,Full sun to partial shade
Lablab purpureus,2,28,Full sun
Purple Leaf Sand Cherry,7,365,Full to partial sun
Gynura aurantiaca,7,14,"partial bright sunlight, filtered sunlight or indirect sunlight"
Passiflora incarnata,7,30,"Full, partial sun"
Oxalis triangularis,7,30,Full sun to partial shade
Prunus cerasifera,7,365,"Full sun, 6-8 hours/day"
Pussy Willow,7,365,"Full, partial"
Quaking Aspen,14,365,Full sun
Daucus carota,14,30,Full to partial sun
Rosa‘Queen Elizabeth’,7,90,"Full sun, at least 6-8 hours of direct sunlight per day"
Hydrangea paniculata‘Bulk’,3,365,Full sun to partial sun
Chenopodium quinoa,7,0,partial
Raphanus sativus,7,0,full sun
Zephyranthes candida,7,30,"Full sun, partial shade"
Portulacaria afra 'Variegata,12,365,"Full, partial"
Rambutan,3,30,Full sun
Allium tricoccum,7,365,partial shade
Ranunculus,7,14,Full sun
Rubus idaeus,7,14,Full sun
Rat Tail Cactus,7,14,Full
Goeppertia insignis,7,30,"bright, indirect light"
Zamioculcas zamiifolia‘Raven’,14,21,partial shade
Red-Twig Dogwood,7,365,"Full, partial"
Red Button Ginger,7,30,partial sun to partial shade
Red Currant,7,365,Full sun to partial shade
Acer palmatum var. dissectum 'Red Dragon',3,365,partial
Red Flowering Currant,7,365,"Full, Partial"
Red Hot Poker,7,365,Full sun
Red Maple,7,365,"Full, partial"
Red Mulberry,7,365,"Full, partial"
Red Oak,7,365,"Full, partial"
Red Onion,7,14,Full sun
Lycoris radiata,7,365,partial shade
Red Sunset Maple,7,365,"Full, partial"
Red Tip Photinia,7,365,Full sun to partial shade
Lycoris squamigera,7,30,Full sun to partial shade
Selaginella lepidophylla,7,180,"bright, indirect light"
Begonia rex-cultorum,7,14,partial shade
Rhaphidophora Decursiva,7,30,"bright, indirect light"
Rhipsalis Cactus,7,14,"partial shade, indirect, dappled light"
Rhododendron,14,365,partial shade
Rhododendron English Roseum,7,365,partial shade
Rhododendron maximum,7,365,partial shade
Rheum rhabarbarum,7,365,"Full sun, partial sun"
River Birch,7,365,Full sun to partial shade
Phoenix roebelenii,2,30,"Full, partial"
Aubrieta deltoidea,7,365,full sun
Rockrose,7,365,Full sun
Cotoneaster horizontalis,7,365,full sun
Roma Tomato,7,30,Full sun
Romaine Lettuce,3,14,"Full sun, partial shade"
Piper auritum,1,30,"bright, indirect morning light"
Rose,3,30,"Full sun, 6 hours per day, preferably morning sun"
Rose Campion,7,90,partial to full sun
Hibiscus syriacus,7,365,"Full sun, at least 6 hours of direct sunlight"
Rosemary,7,30,Full sun
Ficus elastica,7,14,"bright, indirect light"
Ruta graveolens,14,0,Full sun
Rosa rugosa,3,365,Full sun
Herniaria glabra,30,365,Full sun to partial shade
Ruscus,3,0,partial shade
Russian Sage,7,365,full sun
Cycas revoluta,7,30,"bright, indirect light"
San Marzano Tomato,2,14,Full sun
Amelanchier alnifolia,14,365,Full sun or partial shade
Sassafras albium,7,365,Full sun to part shade
Scindapsus pictus,7,30,partial
Satsuma Mandarin,7,365,"Full sun, 8-10 hours of direct sunlight"
Saucer Magnolia,7,365,"Full sun, partial shade"
Scabiosa,7,60,Full sun to partial shade
Allium fistulosum,1,7,full sun
Pelargonium,7,21,Full sun to partial shade
Schefflera,7,3,bright indirect light
Scindapsus Pictus Exotica,7,30,"bright, indirect light"
Pinus sylvestris,7,365,Full sun
Arenaria verna,3,365,Full sun to partial shade
Sea Holly,14,0,Full sun
Limonium latifolium,7,90,full sun
Sedum,7,365,"Full sun, partial shade"
Selaginella Kraussiana,7,180,partial shade
Mimosa pudica,3,21,"full, partial"
Serrano Pepper,2,7,Full sun
Sesamum indicum,7,14,full sun
Shallot,7,365,Full sun
Shasta Daisy,7,365,"Full, partial"
Shishito Pepper,7,28,Full sun
Justicia brandegeana,7,28,partial shade to full sun
Siberian Bugloss,7,365,partial shade
Siberian Iris,7,90,"Full, partial"
Silky Dogwood,7,365,partial sun
Silver Birch,7,365,partial
Dichondra argentea,9,365,Full sun to light shade
Silver Maple,7,0,Full to partial sun
Artemisia schmidtiana 'Silver Mound',7,365,"Full, partial"
Ledebouria socialis,14,60,bright indirect sun
Diphylleia grayi,7,365,partial shade
Tillandsia ionantha,14,30,"bright, indirect light"
Juniperus scopulorum,7,180,Full sun
Euphorbia lomelii,15,30,Full sun
Cotinus coggygria,10,365,full sun
Hydrangea arborescens,7,30,partial shade
Dracaena trifasciata,14,180,indirect sunlight
Pisum sativum,7,0,"Full sun, partial shade"
Snapdragon,7,30,Full sun to partial shade
Cerastium tomentosum,7,365,full sun
Pisum sativum L (Macrocarpon group),7,0,Full sun to partial shade
Epipremnum aureum 'Snow Queen',7,30,"partial shade, bright indirect light"
Viburnumxcarlcephalum,7,365,"Full, partial"
Galanthus nivalis,14,365,Full sun to partial shade
Tulbaghia violacea,7,365,Full sun
Polygonatum spp.,7,365,partial shade
Dracaena reflexa,7,14,"bright, indirect sunlight"
Oxydendrum arboreum,7,365,"Full sun, part shade, shade"
Cucurbita pepovar,7,14,Full sun
Hyacinthoides hispanica,7,90,partial
Lavendula stoechas,7,365,full sun
Lindera benzoin,7,120,Full to Partial
Spider Lily,7,90,Full to partial sun
Spiderwort,7,60,bright but indirect sunlight
Spinacia oleracea,3,7,partial sun to full sun
Spineless Yucca,14,90,Full sun
Spiraea,7,365,full sun
Lamium maculatum,7,30,partial shade
Centranthus ruber,30,365,"Full, partial"
Euphorbia maculata,7,30,full sun
St. Augustine Grass,7,30,Full sun
Hypericum perforatum,7,365,Full sun to partial shade
Platycerium bifurcatum,7,30,partial
Astrophytum spp.,30,30,"Full sun, at least 6 hours of direct sunlight per day"
Star of Bethlehem,7,365,"Full sun, at least 6 hours of direct sunlight"
Starfish Cactus,14,60,Full to partial sunlight
Lilium orientalis 'Stargazer',7,21,Full sun
Hemerocallis 'Stella d'Oro',7,365,full sun
Stephanotis,7,30,"Full, partial"
Stewartstonian Azalea,3,365,partial sunlight
Stinging Nettle,14,30,"Full, partial"
Stone Pine,7,365,Full sun
Strawberry,7,30,6-8 hours direct sun per day
Fragariaxananassa,7,21,full sun
Philodendron erubescens ‘Strawberry Shake’,7,30,"bright, indirect light"
Hydrangea paniculata ‘Strawberry Sundae’,7,30,"Full sun, at least 6 hours of direct sunlight"
Xerochrysum bracteatum,7,30,Full sun to partial shade
Phaseolus vulgaris,7,30,full sun
String of Bananas,7,90,"Full sun, at least six hours of direct sunlight"
Crassula perforata,7,365,indirect sunlight
Senecio peregrinus,14,30,Full sun to medium light
String of Hearts,7,14,"bright but dappled, filtered sunlight"
String of Pearls,10,14,partial
String of Rubies,14,30,Full sun to partial shade
Peperomia prostrata,7,14,Bright but indirect light
Succulent Senecio,14,365,"Full, partial"
Saccharum officinarum,7,7,full sun
Acer saccharum,3,365,"Full sun, partial shade"
Malus 'Sutyzam',14,365,Full sun
Sunburst Honey Locust,7,365,Full sun
Drosera capensis,1,30,"Full sun, partial sun"
Helianthus annuus,2,30,full sun
Lycopersicon esculentum'Sungold',7,30,Full sun
Impatiens x hybrida 'SunPatiens',1,30,Full sun to partial shade
Hibiscus coccineus,7,30,Full sun to partial shade
Asclepias incarnata,7,30,Full sun
Quercus bicolor,7,365,Full sun to partial sun
Swedish Ivy,7,14,"Bright, indirect light"
Clematis terniflora,7,21,"Full sun, partial shade"
Zea mays,7,30,full sun
Lathyrus odoratus,7,30,"Full, partial"
Sweet Pea Shrub,7,365,Full sun or lightly dappled
Ipomoea batatas,7,90,Full sun to part shade
Ipomoea batatas,3,7,Full sun to partial shade
Dianthus barbatus,7,42,"Full, partial"
Galium odoratum,30,365,partial shade
Sweetbay Magnolia,7,365,"Full, partial"
Monstera adansonii,7,30,bright but indirect light
Panicum virgatum,7,365,"Full sun, partial shade"
Sycamore,7,365,full sun
Syngonium albo,7,30,"bright, indirect light"
Festuca arundinacea,7,30,Full sun to partial shade
Larix laricina,7,365,full sun
Hydrangea paniculata ‘Tardiva’,3,365,Partial
Artemisia dracunculus,3,0,Part Sun/Part Shade
Juniperus virginiana'Taylor',7,365,Full sun
Osmanthus fragrans,7,365,partial
Camellia sinensis,1,14,partial sun to full sun
Teddy Bear Cactus,14,30,Full sun
Helianthus annuus 'Teddy Bear',7,30,Full sun
Texas Mountain Laurel,7,365,Full sun to part shade
Hibiscus coccineus,1,30,"Full sun, partial shade"
Thai Basil,1,21,Full to Partial
Thai Pepper,2,30,"Full sun, 6 to 8 hours daily"
Schlumbergera truncata,7,14,partial shade
Thymus vulgaris,14,365,full sunlight
Thymus vulgaris,7,30,full sunlight
Cordyline fruticosa,7,30,bright indirect light
Gonialoe variegata,14,365,Full sun to partial shade
Faucaria tigrina,7,30,"Full, partial"
Lilium lancifolium,7,180,"Full, partial"
Toad Lily,3,365,partial shade
Tomatillo,3,14,Full sun
Solanum lycopersicum,1,7,full sun
Torch Ginger,3,30,partial
Totem Pole Cactus,14,30,"Full, direct sunlight for several hours daily"
Tradescantia fluminensis'Nanouk',7,30,"Bright, indirect light"
Trailing Lantana,7,30,Full sun
Hydrangea paniculata,7,180,Full sun to partial shade
Tree Peony,7,30,Full sun to dappled shade
Tree Philodendron,7,30,"bright, indirect sunlight"
Fagus sylvatica'Roseo-Marginata'/'Purpurea Tricolor',7,365,partial shade
Stromanthe sanguinea,7,14,"indirect, dappled light"
Hibiscus rosa-sinensis,1,7,full sun to partial shade
Trumpet Vine,7,0,"Full, partial"
Liriodendron tulipifera,7,365,Full sun or partial sun
Tulip,14,365,Full sun
Curcuma longa,7,30,"Full sun, partial sun"
Callisia repens,7,30,partial shade or bright but indirect light
Turtlehead,7,365,"Full, partial"
Diascia,3,30,partial
Utah Juniper,30,0,Full sun to partial shade
Vanda Orchid,1,7,"bright, partial"
Vanilla planifolia,3,14,partial shade
Hydrangea paniculata'Renhy',7,365,"Full sun, 6-8 hours per day"
Variegated String of Hearts,7,180,"Bright, indirect light"
Venus Fly Trap,7,0,"Full, partial"
Verbena x hybrida,7,30,full sun
Veronica Spicata,7,365,Full sun
Viburnum,7,365,"Full, partial"
Vinca minor,7,30,partial shade
Jasminum polyanthum,7,14,full to partial sun
Viola,3,90,partial
Mertensia virginica,7,365,partial shade
Parthenocissus quinquefolia,7,365,"Full, Partial"
Itea virginica,7,365,Full sun to partial shade
Wallflower,7,365,Full sun to partial shade
Gaura (Wandflower),7,365,Full sun
Wasabia japonica,7,30,full shade
Washington Hawthorn,7,730,full sun
Pistia stratiotes,1,7,partial
Nymphaea,7,30,"Full sun, 4-6 hours"
Nasturtium officinale,1,21,Full sun to partial shade
Citrillus lunatus,7,30,Full sun
Watermelon Peperomia,7,14,bright to medium indirect light
Begonia x semperflorens-cultorum,7,7,"bright, indirect light"
Prunus pendula'Pendula Rosea',7,365,Full sun
Ficus benjamina,7,30,"bright, indirect light or partial direct sun"
Weeping Norway Spruce,7,1095,Full to Partial
Cercis canadensis,7,365,"Full, partial"
Weeping Willow,7,365,Full sun to partial shade
Weigela florida,30,365,Full sun
Dracaena masoniana,14,365,"bright, indirect light"
Triticum aestivum,7,0,full sun
White Clover,3,365,partial sun
White Egret Orchid,3,30,Full sun to part shade
Hosta 'White Feather',3,30,partial shade
White Fir,7,365,Full to partial sun
White Oak,7,365,Full sun
White Spruce,7,365,"Full, Partial"
White Willow,7,0,Full sun
Philodendron erubescens 'White Wizard',7,14,"partial, indirect"
Asarum Canadense,7,30,partial shade
Wild Red Raspberry,7,30,partial shade to full sun
Wild Strawberry,7,180,"part sun, part shade"
Erica Carneasyn.Erica herbacea,7,365,"Full, Partial"
Winter Jasmine,7,730,"Full, partial"
Winter Pansy,3,14,Full to part sun
Winterberry Holly,7,365,Full sun to partial shade
Euonymus fortunei,7,365,partial
Wishbone Flower,3,21,partial
Wisteria,7,365,full sun to partial shade
Witch Hazel,7,30,Full to partial sun
Sorghastrum nutans,14,365,full sun
Phlox divaricata,7,365,partial shade
Xanthosoma,7,21,"Full, partial"
Achillea millefolium,7,365,full sunlight
Ilex vomitoria,7,182,"full, partial sun"
Yellow Bells,7,365,Full sun
Yellow Bird Magnolia,7,365,"Full, Partial"
Yellow Iris,1,365,partial to full sun
Solanum lycopersicum 'Yellow Pear',7,42,Full sun
Ilex paraguariensis,2,14,full sun/partial shade
Yew Tree,7,365,partial shade
Yucca Plant,7,30,"bright, indirect light"
Miscanthus sinensis'Zebrinus',7,365,Full sun
Aphelandra squarrosa,14,7,"partial, dappled"
Zinnia elegans,7,60,Full sun
Zoysia Grass,7,30,Full sun
Zamioculcas zamiifolia,21,180,Bright to low indirect light
